{"stats":{"minecraft:killed":{"minecraft:spider":4,"minecraft:skeleton":7,"minecraft:sheep":7,"minecraft:zombie":8},"minecraft:custom":{"minecraft:mob_kills":27,"minecraft:interact_with_crafting_table":23,"minecraft:open_barrel":2,"minecraft:time_since_death":124432,"minecraft:sprint_one_cm":228738,"minecraft:walk_one_cm":325355,"minecraft:damage_blocked_by_shield":430,"minecraft:drop":42,"minecraft:play_time":124432,"minecraft:sneak_time":915,"minecraft:walk_under_water_one_cm":12070,"minecraft:interact_with_brewingstand":1,"minecraft:jump":2322,"minecraft:walk_on_water_one_cm":12381,"minecraft:total_world_time":124432,"minecraft:interact_with_furnace":13,"minecraft:play_record":15,"minecraft:sleep_in_bed":2,"minecraft:time_since_rest":2975,"minecraft:damage_taken":2283,"minecraft:damage_dealt":5919,"minecraft:player_kills":1,"minecraft:swim_one_cm":1552,"minecraft:fly_one_cm":321951,"minecraft:open_chest":17,"minecraft:crouch_one_cm":538,"minecraft:interact_with_smoker":5,"minecraft:fall_one_cm":63561},"minecraft:broken":{"minecraft:wooden_pickaxe":1,"minecraft:stone_pickaxe":2,"minecraft:stone_axe":1,"minecraft:iron_pickaxe":2},"minecraft:mined":{"iceandfire:silver_ore":19,"minecraft:deepslate_diamond_ore":2,"butchersdelight:rack":4,"minecraft:dark_oak_log":12,"minecraft:granite":7,"biomesoplenty:bush":1,"minecraft:grass_block":6,"minecraft:hay_block":28,"minecraft:furnace":2,"minecraft:iron_ore":70,"minecraft:cobbled_deepslate":6,"minecraft:andesite":9,"minecraft:deepslate_lapis_ore":7,"minecraft:peony":1,"minecraft:bookshelf":72,"minecraft:deepslate_iron_ore":19,"minecraft:stone":432,"minecraft:crafting_table":7,"minecraft:torch":4,"minecraft:white_stained_glass_pane":2,"minecraft:cobblestone":4,"minecraft:deepslate_gold_ore":9,"minecraft:grass":7,"minecraft:coal_ore":48,"minecraft:gravel":3,"minecraft:dirt":4,"minecraft:deepslate":214},"minecraft:used":{"minecraft:peony":1,"minecraft:writable_book":2,"minecraft:shield":8,"minecraft:torch":59,"alexsmobs:maraca":4,"minecraft:music_disc_11":2,"minecraft:music_disc_13":1,"minecraft:music_disc_relic":1,"minecraft:music_disc_pigstep":6,"minecraft:iron_axe":38,"minecraft:music_disc_wait":2,"biomesoplenty:music_disc_wanderer":1,"minecraft:written_book":1,"minecraft:furnace":2,"minecraft:egg":1,"minecraft:cobbled_deepslate":8,"minecraft:stone_pickaxe":155,"minecraft:wooden_pickaxe":59,"minecraft:music_disc_cat":2,"minecraft:crafting_table":9,"minecraft:apple":21,"minecraft:bread":35,"minecraft:iron_pickaxe":637,"minecraft:gravel":3,"minecraft:stone_axe":112,"farmersdelight:cooked_bacon":2,"minecraft:cobblestone":66,"butchersdelight:rack":4},"minecraft:crafted":{"usefulbackpacks:backpack_small":2,"minecraft:furnace":1,"minecraft:flint_and_steel":1,"butchersdelight:rack":1,"minecraft:iron_axe":1,"minecraft:stone_pickaxe":1,"usefulbackpacks:backpack_medium":1,"minecraft:dark_oak_planks":48,"minecraft:crafting_table":4,"minecraft:wooden_pickaxe":1,"minecraft:stone_axe":2,"minecraft:air":0,"minecraft:shield":1,"minecraft:stick":36,"minecraft:iron_ingot":15,"minecraft:iron_pickaxe":3,"farmersdelight:cooked_bacon":7,"minecraft:torch":56,"minecraft:shears":1},"minecraft:dropped":{"minecraft:enchanted_book":1,"minecraft:bread":28,"iceandfire:raw_silver":5,"minecraft:crafting_table":1,"farmersdelight:cooked_bacon":5,"minecraft:music_disc_relic":1,"minecraft:feather":2,"minecraft:cobblestone":56,"minecraft:apple":21,"minecraft:stick":2,"minecraft:emerald":7,"mca:book_romance":1,"minecraft:torch":1,"minecraft:mutton":8,"usefulbackpacks:backpack_small":1,"minecraft:writable_book":1,"minecraft:music_disc_wait":1,"minecraft:dark_oak_planks":1,"minecraft:music_disc_otherside":1,"minecraft:music_disc_5":1,"biomesoplenty:music_disc_wanderer":1,"minecraft:music_disc_far":1,"minecraft:salmon":1,"minecraft:pumpkin_seeds":9,"minecraft:carrot":1,"minecraft:flint_and_steel":1,"minecraft:shield":1},"minecraft:picked_up":{"minecraft:music_disc_5":3,"minecraft:crafting_table":7,"minecraft:enchanted_book":1,"usefulbackpacks:backpack_medium":2,"minecraft:shield":1,"minecraft:music_disc_cat":7,"minecraft:string":6,"butchersdelight:dead_cow":6,"minecraft:cobbled_deepslate":228,"minecraft:music_disc_otherside":3,"minecraft:beef":10,"minecraft:written_book":1,"minecraft:light_gray_wool":1,"minecraft:egg":1,"minecraft:furnace":2,"minecraft:raw_iron":143,"minecraft:music_disc_blocks":2,"minecraft:music_disc_relic":2,"minecraft:torch":5,"minecraft:music_disc_mellohi":1,"minecraft:music_disc_11":2,"minecraft:music_disc_pigstep":4,"minecraft:carrot":2,"minecraft:rotten_flesh":11,"butchersdelight:deadsheep":7,"minecraft:arrow":7,"minecraft:peony":2,"minecraft:hay_block":27,"minecraft:music_disc_wait":7,"minecraft:mutton":11,"minecraft:obsidian":64,"minecraft:white_wool":12,"minecraft:cobblestone":311,"minecraft:feather":1,"minecraft:glow_ink_sac":3,"minecraft:andesite":9,"minecraft:leather":25,"minecraft:flint":1,"mca:book_romance":1,"butchersdelight:rack":4,"farmersdelight:flint_knife":1,"minecraft:lapis_lazuli":11,"minecraft:lantern":1,"minecraft:bone":7,"minecraft:bow":1,"minecraft:wheat_seeds":1,"minecraft:raw_gold":9,"minecraft:iron_ingot":1,"minecraft:music_disc_far":2,"minecraft:stone_pickaxe":1,"alexsmobs:music_disc_daze":1,"minecraft:music_disc_chirp":1,"minecraft:book":183,"minecraft:music_disc_13":4,"butchersdelight:cow_hide":6,"minecraft:gravel":6,"minecraft:dark_oak_log":12,"biomesoplenty:music_disc_wanderer":4,"minecraft:spider_eye":2,"butchersdelight:sheephide":7,"minecraft:music_disc_mall":1,"minecraft:pumpkin_seeds":9,"minecraft:diamond":2,"minecraft:granite":7,"minecraft:bread":12,"minecraft:coal":92,"iceandfire:raw_silver":18}},"DataVersion":3465}