{"stats":{"minecraft:killed":{"minecraft:spider":2,"minecraft:sheep":7,"minecraft:zombie":4},"minecraft:custom":{"minecraft:interact_with_furnace":7,"minecraft:mob_kills":13,"minecraft:interact_with_crafting_table":17,"minecraft:open_barrel":2,"minecraft:time_since_death":46432,"minecraft:sleep_in_bed":1,"minecraft:time_since_rest":12925,"minecraft:sprint_one_cm":96092,"minecraft:damage_taken":904,"minecraft:walk_one_cm":129242,"minecraft:drop":28,"minecraft:damage_dealt":3024,"minecraft:fly_one_cm":148188,"minecraft:player_kills":1,"minecraft:open_chest":11,"minecraft:crouch_one_cm":15,"minecraft:play_time":46432,"minecraft:sneak_time":31,"minecraft:walk_under_water_one_cm":114,"minecraft:jump":855,"minecraft:interact_with_brewingstand":1,"minecraft:walk_on_water_one_cm":1185,"minecraft:total_world_time":46432,"minecraft:fall_one_cm":26434},"minecraft:broken":{"minecraft:stone_axe":1,"minecraft:wooden_pickaxe":1},"minecraft:mined":{"iceandfire:silver_ore":3,"butchersdelight:rack":4,"minecraft:dark_oak_log":12,"minecraft:crafting_table":4,"minecraft:torch":1,"minecraft:granite":7,"biomesoplenty:bush":1,"minecraft:cobblestone":2,"minecraft:hay_block":28,"minecraft:furnace":1,"minecraft:iron_ore":16,"minecraft:peony":1,"minecraft:grass":4,"minecraft:deepslate_iron_ore":3,"minecraft:bookshelf":72,"minecraft:coal_ore":32,"minecraft:stone":73},"minecraft:used":{"minecraft:peony":1,"minecraft:writable_book":2,"minecraft:stone_pickaxe":79,"minecraft:wooden_pickaxe":59,"minecraft:torch":14,"minecraft:crafting_table":5,"minecraft:bread":21,"minecraft:stone_axe":112,"minecraft:cobblestone":41,"minecraft:written_book":1,"minecraft:furnace":1,"butchersdelight:rack":4},"minecraft:crafted":{"minecraft:crafting_table":3,"minecraft:wooden_pickaxe":1,"usefulbackpacks:backpack_small":2,"minecraft:furnace":1,"minecraft:stone_axe":2,"minecraft:air":0,"butchersdelight:rack":1,"minecraft:shield":1,"minecraft:stick":20,"minecraft:iron_ingot":11,"minecraft:stone_pickaxe":1,"usefulbackpacks:backpack_medium":1,"minecraft:torch":24,"minecraft:dark_oak_planks":48,"minecraft:shears":1},"minecraft:dropped":{"minecraft:enchanted_book":1,"minecraft:bread":28,"minecraft:crafting_table":1,"minecraft:feather":2,"minecraft:apple":21,"minecraft:salmon":1,"minecraft:pumpkin_seeds":9,"minecraft:stick":2,"minecraft:emerald":7,"minecraft:shield":1,"mca:book_romance":1,"minecraft:torch":1,"minecraft:mutton":8,"usefulbackpacks:backpack_small":1,"minecraft:writable_book":1,"minecraft:dark_oak_planks":1},"minecraft:picked_up":{"minecraft:crafting_table":4,"minecraft:feather":1,"minecraft:glow_ink_sac":1,"minecraft:leather":25,"minecraft:enchanted_book":1,"minecraft:shield":1,"mca:book_romance":1,"butchersdelight:rack":4,"farmersdelight:flint_knife":1,"minecraft:string":2,"butchersdelight:dead_cow":6,"minecraft:beef":10,"minecraft:written_book":1,"minecraft:light_gray_wool":1,"minecraft:furnace":1,"minecraft:book":183,"minecraft:raw_iron":15,"minecraft:torch":1,"butchersdelight:cow_hide":6,"minecraft:dark_oak_log":12,"butchersdelight:sheephide":7,"minecraft:pumpkin_seeds":9,"butchersdelight:deadsheep":7,"minecraft:rotten_flesh":2,"minecraft:peony":2,"minecraft:hay_block":27,"minecraft:granite":7,"minecraft:bread":12,"minecraft:mutton":11,"minecraft:coal":46,"minecraft:white_wool":12,"iceandfire:raw_silver":2,"minecraft:cobblestone":75}},"DataVersion":3465}