{"stats":{"minecraft:killed":{"minecraft:sheep":1},"minecraft:custom":{"minecraft:time_since_rest":22432,"minecraft:interact_with_furnace":1,"minecraft:sprint_one_cm":51546,"minecraft:damage_taken":378,"minecraft:walk_one_cm":77466,"minecraft:mob_kills":1,"minecraft:drop":15,"minecraft:damage_dealt":1058,"minecraft:interact_with_crafting_table":4,"minecraft:fly_one_cm":80604,"minecraft:player_kills":1,"minecraft:open_barrel":2,"minecraft:open_chest":10,"minecraft:crouch_one_cm":6,"minecraft:play_time":22432,"minecraft:sneak_time":10,"minecraft:interact_with_brewingstand":1,"minecraft:jump":399,"minecraft:time_since_death":22432,"minecraft:total_world_time":22432,"minecraft:fall_one_cm":12543},"minecraft:broken":{"minecraft:wooden_pickaxe":1},"minecraft:mined":{"minecraft:hay_block":28,"minecraft:dark_oak_log":12,"minecraft:crafting_table":2,"minecraft:peony":1,"minecraft:grass":2,"biomesoplenty:bush":1,"minecraft:bookshelf":72,"minecraft:coal_ore":18,"minecraft:stone":60},"minecraft:used":{"minecraft:peony":1,"minecraft:writable_book":2,"minecraft:bread":10,"minecraft:stone_pickaxe":19,"minecraft:wooden_pickaxe":59,"minecraft:torch":4,"minecraft:stone_axe":79,"minecraft:written_book":1,"minecraft:crafting_table":2},"minecraft:crafted":{"minecraft:crafting_table":1,"minecraft:stick":12,"minecraft:wooden_pickaxe":1,"minecraft:stone_pickaxe":1,"minecraft:dark_oak_planks":24,"minecraft:torch":8,"minecraft:stone_axe":1,"butchersdelight:rack":1},"minecraft:dropped":{"minecraft:enchanted_book":1,"minecraft:bread":28,"mca:book_romance":1,"minecraft:writable_book":1,"minecraft:apple":21,"minecraft:pumpkin_seeds":9,"minecraft:emerald":7},"minecraft:picked_up":{"minecraft:book":183,"minecraft:crafting_table":2,"butchersdelight:cow_hide":6,"minecraft:enchanted_book":1,"farmersdelight:flint_knife":1,"mca:book_romance":1,"minecraft:dark_oak_log":12,"butchersdelight:sheephide":1,"minecraft:pumpkin_seeds":9,"butchersdelight:deadsheep":1,"butchersdelight:dead_cow":6,"minecraft:peony":1,"minecraft:hay_block":27,"minecraft:beef":10,"minecraft:written_book":1,"minecraft:bread":12,"minecraft:mutton":1,"minecraft:coal":18,"minecraft:white_wool":1,"minecraft:cobblestone":60}},"DataVersion":3465}