{"stats":{"minecraft:custom":{"minecraft:jump":157,"minecraft:open_chest":6,"minecraft:time_since_rest":10432,"minecraft:damage_dealt":135,"minecraft:interact_with_furnace":1,"minecraft:sprint_one_cm":24560,"minecraft:play_time":10432,"minecraft:damage_taken":136,"minecraft:time_since_death":10432,"minecraft:walk_one_cm":33650,"minecraft:sneak_time":3,"minecraft:total_world_time":10432,"minecraft:drop":1,"minecraft:interact_with_crafting_table":1,"minecraft:fall_one_cm":5979,"minecraft:fly_one_cm":31977,"minecraft:interact_with_brewingstand":1},"minecraft:mined":{"minecraft:grass":1,"minecraft:hay_block":12,"biomesoplenty:bush":1},"minecraft:used":{"minecraft:writable_book":2,"minecraft:bread":4},"minecraft:dropped":{"minecraft:writable_book":1},"minecraft:picked_up":{"minecraft:hay_block":12}},"DataVersion":3465}