{"stats":{"minecraft:killed":{"minecraft:spider":4,"minecraft:sheep":7,"minecraft:skeleton":7,"minecraft:zombie":8},"minecraft:custom":{"minecraft:interact_with_furnace":13,"minecraft:mob_kills":27,"minecraft:play_record":9,"minecraft:interact_with_crafting_table":23,"minecraft:open_barrel":2,"minecraft:time_since_death":100432,"minecraft:sleep_in_bed":1,"minecraft:time_since_rest":66925,"minecraft:sprint_one_cm":192238,"minecraft:damage_taken":2173,"minecraft:walk_one_cm":287384,"minecraft:damage_blocked_by_shield":430,"minecraft:drop":36,"minecraft:damage_dealt":5919,"minecraft:swim_one_cm":1519,"minecraft:fly_one_cm":256811,"minecraft:player_kills":1,"minecraft:open_chest":15,"minecraft:crouch_one_cm":415,"minecraft:play_time":100432,"minecraft:sneak_time":576,"minecraft:walk_under_water_one_cm":11962,"minecraft:jump":2036,"minecraft:interact_with_brewingstand":1,"minecraft:walk_on_water_one_cm":12158,"minecraft:interact_with_smoker":5,"minecraft:total_world_time":100432,"minecraft:fall_one_cm":56165},"minecraft:broken":{"minecraft:stone_pickaxe":2,"minecraft:stone_axe":1,"minecraft:iron_pickaxe":2,"minecraft:wooden_pickaxe":1},"minecraft:mined":{"iceandfire:silver_ore":19,"minecraft:deepslate_diamond_ore":2,"butchersdelight:rack":4,"minecraft:dark_oak_log":12,"minecraft:crafting_table":7,"minecraft:torch":4,"minecraft:granite":7,"biomesoplenty:bush":1,"minecraft:grass_block":6,"minecraft:cobblestone":4,"minecraft:deepslate_gold_ore":9,"minecraft:hay_block":28,"minecraft:furnace":2,"minecraft:iron_ore":70,"minecraft:cobbled_deepslate":1,"minecraft:andesite":9,"minecraft:deepslate_lapis_ore":7,"minecraft:peony":1,"minecraft:grass":4,"minecraft:deepslate_iron_ore":19,"minecraft:bookshelf":72,"minecraft:coal_ore":48,"minecraft:dirt":4,"minecraft:stone":432,"minecraft:deepslate":214},"minecraft:used":{"minecraft:peony":1,"minecraft:writable_book":2,"minecraft:stone_pickaxe":155,"minecraft:shield":8,"minecraft:wooden_pickaxe":59,"minecraft:torch":59,"alexsmobs:maraca":4,"minecraft:music_disc_cat":2,"minecraft:crafting_table":9,"minecraft:music_disc_13":1,"minecraft:music_disc_relic":1,"minecraft:apple":15,"minecraft:music_disc_pigstep":4,"minecraft:iron_axe":38,"minecraft:bread":35,"minecraft:iron_pickaxe":632,"biomesoplenty:music_disc_wanderer":1,"farmersdelight:cooked_bacon":2,"minecraft:stone_axe":112,"minecraft:cobblestone":66,"minecraft:written_book":1,"minecraft:furnace":2,"minecraft:cobbled_deepslate":3,"butchersdelight:rack":4},"minecraft:crafted":{"minecraft:crafting_table":4,"minecraft:wooden_pickaxe":1,"usefulbackpacks:backpack_small":2,"minecraft:furnace":1,"minecraft:stone_axe":2,"minecraft:air":0,"butchersdelight:rack":1,"minecraft:shield":1,"minecraft:iron_axe":1,"minecraft:stick":36,"minecraft:iron_pickaxe":3,"minecraft:iron_ingot":15,"minecraft:stone_pickaxe":1,"farmersdelight:cooked_bacon":7,"usefulbackpacks:backpack_medium":1,"minecraft:torch":56,"minecraft:dark_oak_planks":48,"minecraft:shears":1},"minecraft:dropped":{"minecraft:enchanted_book":1,"minecraft:bread":28,"iceandfire:raw_silver":5,"minecraft:crafting_table":1,"minecraft:music_disc_relic":1,"minecraft:cobblestone":56,"minecraft:feather":2,"farmersdelight:cooked_bacon":5,"minecraft:apple":21,"minecraft:carrot":1,"minecraft:salmon":1,"minecraft:pumpkin_seeds":9,"minecraft:stick":2,"minecraft:emerald":7,"minecraft:shield":1,"mca:book_romance":1,"minecraft:torch":1,"minecraft:mutton":8,"usefulbackpacks:backpack_small":1,"minecraft:writable_book":1,"minecraft:dark_oak_planks":1},"minecraft:picked_up":{"minecraft:crafting_table":7,"minecraft:feather":1,"minecraft:glow_ink_sac":3,"minecraft:andesite":9,"minecraft:leather":25,"minecraft:enchanted_book":1,"minecraft:shield":1,"minecraft:music_disc_cat":3,"minecraft:lapis_lazuli":11,"mca:book_romance":1,"butchersdelight:rack":4,"farmersdelight:flint_knife":1,"minecraft:lantern":1,"minecraft:string":6,"minecraft:bone":7,"butchersdelight:dead_cow":6,"minecraft:bow":1,"minecraft:cobbled_deepslate":223,"minecraft:raw_gold":9,"minecraft:iron_ingot":1,"minecraft:beef":10,"minecraft:stone_pickaxe":1,"minecraft:written_book":1,"minecraft:light_gray_wool":1,"minecraft:furnace":2,"minecraft:book":183,"minecraft:raw_iron":143,"minecraft:music_disc_13":1,"minecraft:music_disc_relic":2,"minecraft:torch":5,"minecraft:gravel":3,"butchersdelight:cow_hide":6,"minecraft:music_disc_pigstep":4,"minecraft:carrot":2,"biomesoplenty:music_disc_wanderer":1,"minecraft:spider_eye":2,"minecraft:dark_oak_log":12,"minecraft:arrow":7,"butchersdelight:sheephide":7,"minecraft:pumpkin_seeds":9,"butchersdelight:deadsheep":7,"minecraft:rotten_flesh":11,"minecraft:diamond":2,"minecraft:peony":2,"minecraft:hay_block":27,"minecraft:granite":7,"minecraft:bread":12,"minecraft:mutton":11,"minecraft:coal":92,"minecraft:white_wool":12,"iceandfire:raw_silver":18,"minecraft:cobblestone":311}},"DataVersion":3465}