{"stats":{"minecraft:killed":{"minecraft:spider":1,"minecraft:sheep":4,"minecraft:zombie":3},"minecraft:custom":{"minecraft:interact_with_furnace":7,"minecraft:mob_kills":8,"minecraft:interact_with_crafting_table":10,"minecraft:open_barrel":2,"minecraft:time_since_death":34432,"minecraft:sleep_in_bed":1,"minecraft:time_since_rest":925,"minecraft:sprint_one_cm":72631,"minecraft:damage_taken":741,"minecraft:walk_one_cm":104651,"minecraft:drop":25,"minecraft:damage_dealt":2337,"minecraft:fly_one_cm":113925,"minecraft:player_kills":1,"minecraft:open_chest":11,"minecraft:crouch_one_cm":15,"minecraft:play_time":34432,"minecraft:sneak_time":25,"minecraft:jump":622,"minecraft:interact_with_brewingstand":1,"minecraft:total_world_time":34432,"minecraft:fall_one_cm":19177},"minecraft:broken":{"minecraft:wooden_pickaxe":1},"minecraft:mined":{"iceandfire:silver_ore":2,"butchersdelight:rack":3,"minecraft:dark_oak_log":12,"minecraft:crafting_table":3,"minecraft:torch":1,"minecraft:granite":7,"biomesoplenty:bush":1,"minecraft:cobblestone":2,"minecraft:hay_block":28,"minecraft:furnace":1,"minecraft:iron_ore":12,"minecraft:peony":1,"minecraft:grass":4,"minecraft:bookshelf":72,"minecraft:coal_ore":32,"minecraft:stone":73},"minecraft:used":{"minecraft:peony":1,"minecraft:writable_book":2,"minecraft:stone_pickaxe":70,"minecraft:wooden_pickaxe":59,"minecraft:torch":8,"minecraft:crafting_table":3,"minecraft:bread":16,"minecraft:stone_axe":101,"minecraft:cobblestone":40,"minecraft:written_book":1,"minecraft:furnace":1,"butchersdelight:rack":3},"minecraft:crafted":{"minecraft:crafting_table":2,"minecraft:wooden_pickaxe":1,"minecraft:furnace":1,"minecraft:stone_axe":1,"minecraft:air":0,"butchersdelight:rack":1,"minecraft:shield":1,"minecraft:stick":12,"minecraft:iron_ingot":11,"minecraft:stone_pickaxe":1,"minecraft:torch":8,"minecraft:dark_oak_planks":28,"minecraft:shears":1},"minecraft:dropped":{"minecraft:enchanted_book":1,"minecraft:bread":28,"minecraft:crafting_table":1,"minecraft:feather":2,"minecraft:apple":21,"minecraft:salmon":1,"minecraft:pumpkin_seeds":9,"minecraft:emerald":7,"minecraft:shield":1,"mca:book_romance":1,"minecraft:torch":1,"minecraft:mutton":7,"minecraft:writable_book":1,"minecraft:dark_oak_planks":1},"minecraft:picked_up":{"minecraft:crafting_table":3,"minecraft:feather":1,"minecraft:leather":22,"minecraft:enchanted_book":1,"minecraft:shield":1,"mca:book_romance":1,"butchersdelight:rack":3,"farmersdelight:flint_knife":1,"minecraft:string":2,"butchersdelight:dead_cow":6,"minecraft:beef":10,"minecraft:written_book":1,"minecraft:furnace":1,"minecraft:book":183,"minecraft:raw_iron":11,"minecraft:torch":1,"butchersdelight:cow_hide":6,"minecraft:dark_oak_log":12,"butchersdelight:sheephide":4,"minecraft:pumpkin_seeds":9,"butchersdelight:deadsheep":4,"minecraft:peony":1,"minecraft:hay_block":27,"minecraft:granite":7,"minecraft:bread":12,"minecraft:mutton":7,"minecraft:coal":46,"minecraft:white_wool":7,"iceandfire:raw_silver":2,"minecraft:cobblestone":75}},"DataVersion":3465}