{"stats":{"minecraft:killed":{"minecraft:spider":2,"minecraft:sheep":7,"minecraft:skeleton":1,"minecraft:zombie":5},"minecraft:custom":{"minecraft:interact_with_furnace":10,"minecraft:mob_kills":15,"minecraft:interact_with_crafting_table":21,"minecraft:open_barrel":2,"minecraft:time_since_death":58432,"minecraft:sleep_in_bed":1,"minecraft:time_since_rest":24925,"minecraft:sprint_one_cm":115734,"minecraft:damage_taken":1142,"minecraft:walk_one_cm":158319,"minecraft:drop":30,"minecraft:damage_dealt":3759,"minecraft:fly_one_cm":177393,"minecraft:player_kills":1,"minecraft:open_chest":15,"minecraft:crouch_one_cm":15,"minecraft:play_time":58432,"minecraft:sneak_time":31,"minecraft:walk_under_water_one_cm":481,"minecraft:jump":1178,"minecraft:interact_with_brewingstand":1,"minecraft:walk_on_water_one_cm":4348,"minecraft:interact_with_smoker":5,"minecraft:total_world_time":58432,"minecraft:fall_one_cm":34954},"minecraft:broken":{"minecraft:stone_axe":1,"minecraft:wooden_pickaxe":1},"minecraft:mined":{"iceandfire:silver_ore":3,"butchersdelight:rack":4,"minecraft:dark_oak_log":12,"minecraft:crafting_table":5,"minecraft:torch":1,"minecraft:granite":7,"biomesoplenty:bush":1,"minecraft:cobblestone":2,"minecraft:deepslate_gold_ore":2,"minecraft:hay_block":28,"minecraft:furnace":1,"minecraft:iron_ore":30,"minecraft:peony":1,"minecraft:grass":4,"minecraft:deepslate_iron_ore":3,"minecraft:bookshelf":72,"minecraft:coal_ore":32,"minecraft:stone":74},"minecraft:used":{"minecraft:peony":1,"minecraft:writable_book":2,"minecraft:stone_pickaxe":94,"minecraft:wooden_pickaxe":59,"minecraft:torch":18,"minecraft:crafting_table":7,"minecraft:iron_axe":6,"minecraft:bread":25,"minecraft:iron_pickaxe":2,"farmersdelight:cooked_bacon":2,"minecraft:stone_axe":112,"minecraft:cobblestone":46,"minecraft:written_book":1,"minecraft:furnace":1,"butchersdelight:rack":4},"minecraft:crafted":{"minecraft:crafting_table":3,"minecraft:wooden_pickaxe":1,"usefulbackpacks:backpack_small":2,"minecraft:furnace":1,"minecraft:stone_axe":2,"minecraft:air":0,"butchersdelight:rack":1,"minecraft:shield":1,"minecraft:iron_axe":1,"minecraft:stick":24,"minecraft:iron_pickaxe":1,"minecraft:iron_ingot":11,"minecraft:stone_pickaxe":1,"farmersdelight:cooked_bacon":7,"usefulbackpacks:backpack_medium":1,"minecraft:torch":24,"minecraft:dark_oak_planks":48,"minecraft:shears":1},"minecraft:dropped":{"minecraft:enchanted_book":1,"minecraft:bread":28,"iceandfire:raw_silver":2,"minecraft:crafting_table":1,"minecraft:feather":2,"farmersdelight:cooked_bacon":5,"minecraft:apple":21,"minecraft:salmon":1,"minecraft:pumpkin_seeds":9,"minecraft:stick":2,"minecraft:emerald":7,"minecraft:shield":1,"mca:book_romance":1,"minecraft:torch":1,"minecraft:mutton":8,"usefulbackpacks:backpack_small":1,"minecraft:writable_book":1,"minecraft:dark_oak_planks":1},"minecraft:picked_up":{"minecraft:crafting_table":5,"minecraft:feather":1,"minecraft:glow_ink_sac":1,"minecraft:leather":25,"minecraft:enchanted_book":1,"minecraft:shield":1,"mca:book_romance":1,"butchersdelight:rack":4,"farmersdelight:flint_knife":1,"minecraft:string":2,"butchersdelight:dead_cow":6,"minecraft:raw_gold":2,"minecraft:beef":10,"minecraft:stone_pickaxe":1,"minecraft:written_book":1,"minecraft:light_gray_wool":1,"minecraft:furnace":1,"minecraft:book":183,"minecraft:raw_iron":29,"minecraft:torch":2,"butchersdelight:cow_hide":6,"minecraft:dark_oak_log":12,"minecraft:arrow":2,"butchersdelight:sheephide":7,"minecraft:pumpkin_seeds":9,"butchersdelight:deadsheep":7,"minecraft:rotten_flesh":4,"minecraft:peony":2,"minecraft:hay_block":27,"minecraft:granite":7,"minecraft:bread":12,"minecraft:mutton":11,"minecraft:coal":46,"minecraft:white_wool":12,"iceandfire:raw_silver":2,"minecraft:cobblestone":76}},"DataVersion":3465}