{"stats":{"minecraft:killed":{"minecraft:salmon":1},"minecraft:custom":{"minecraft:interact_with_furnace":31,"minecraft:mob_kills":2,"minecraft:traded_with_villager":1,"minecraft:interact_with_cartography_table":1,"minecraft:interact_with_crafting_table":13,"minecraft:open_barrel":7,"minecraft:time_since_death":57564,"minecraft:sleep_in_bed":2,"minecraft:time_since_rest":36925,"minecraft:sprint_one_cm":99236,"minecraft:damage_taken":1553,"minecraft:walk_one_cm":225978,"minecraft:drop":4,"minecraft:damage_dealt":768,"minecraft:swim_one_cm":1119,"minecraft:fly_one_cm":154259,"minecraft:open_chest":28,"minecraft:crouch_one_cm":872,"minecraft:play_time":76072,"minecraft:deaths":1,"minecraft:sneak_time":329,"minecraft:walk_under_water_one_cm":6053,"minecraft:jump":1189,"minecraft:walk_on_water_one_cm":12992,"minecraft:interact_with_smoker":36,"minecraft:total_world_time":76072,"minecraft:fall_one_cm":31283},"minecraft:killed_by":{"minecraft:player":1},"minecraft:mined":{"iceandfire:silver_ore":6,"minecraft:smoker":2,"minecraft:granite":1,"minecraft:crafting_table":1,"minecraft:glow_lichen":2,"minecraft:torch":9,"biomesoplenty:bush":8,"iceandfire:deepslate_silver_ore":3,"minecraft:copper_ore":1,"minecraft:wall_torch":2,"minecraft:spawner":1,"minecraft:furnace":3,"minecraft:iron_ore":25,"minecraft:ice":32,"minecraft:spruce_log":3,"minecraft:andesite":1,"minecraft:peony":1,"minecraft:grass":9,"minecraft:coal_ore":16,"minecraft:deepslate_iron_ore":8,"minecraft:lantern":2,"minecraft:dirt":1,"minecraft:stone":45,"minecraft:gold_ore":7,"minecraft:deepslate":10,"minecraft:fern":8},"minecraft:used":{"farmersdelight:iron_knife":7,"minecraft:water_bucket":5,"minecraft:writable_book":2,"minecraft:baked_potato":7,"minecraft:stone_pickaxe":104,"minecraft:wooden_pickaxe":5,"minecraft:torch":9,"minecraft:dirt":1,"minecraft:crafting_table":1,"iceandfire:silver_axe":1,"minecraft:smoker":1,"iceandfire:silver_pickaxe":53,"minecraft:apple":3,"minecraft:lantern":1,"minecraft:bread":17,"minecraft:iron_pickaxe":1,"minecraft:cobblestone":7,"minecraft:written_book":1,"minecraft:furnace":3,"minecraft:andesite":1,"minecraft:bucket":4,"minecraft:egg":4},"minecraft:dropped":{"minecraft:feather":1,"farmersdelight:flint_knife":1,"minecraft:stone_pickaxe":1,"minecraft:written_book":1},"minecraft:crafted":{"iceandfire:silver_axe":1,"minecraft:cooked_beef":4,"farmersdelight:cooked_mutton_chops":8,"minecraft:cooked_porkchop":6,"iceandfire:silver_ingot":11,"minecraft:crafting_table":1,"minecraft:spruce_planks":12,"minecraft:baked_potato":22,"minecraft:wooden_pickaxe":1,"minecraft:furnace":1,"minecraft:enchanted_book":1,"farmersdelight:beef_patty":4,"minecraft:cooked_mutton":5,"minecraft:air":0,"minecraft:stick":8,"minecraft:stone_pickaxe":1,"farmersdelight:cooked_bacon":4,"iceandfire:silver_pickaxe":2},"minecraft:picked_up":{"minecraft:crafting_table":1,"minecraft:salmon":1,"minecraft:andesite":1,"minecraft:smoker":2,"minecraft:enchanted_book":2,"farmersdelight:cooked_bacon":5,"minecraft:lapis_lazuli":28,"mca:book_romance":1,"minecraft:dirt":1,"minecraft:lantern":2,"minecraft:raw_copper":4,"minecraft:apple":21,"usefulbackpacks:backpack_small":1,"minecraft:cobbled_deepslate":9,"minecraft:raw_gold":7,"minecraft:beef":2,"minecraft:furnace":3,"minecraft:egg":4,"minecraft:book":3,"minecraft:stick":2,"minecraft:raw_iron":37,"minecraft:torch":11,"minecraft:spruce_log":3,"alexsmobs:animal_dictionary":1,"minecraft:pumpkin_seeds":18,"minecraft:writable_book":1,"minecraft:hay_block":1,"minecraft:granite":1,"minecraft:emerald":7,"minecraft:bread":28,"minecraft:coal":25,"iceandfire:raw_silver":15,"minecraft:cobblestone":46}},"DataVersion":3465}