{"stats":{"minecraft:killed":{"minecraft:salmon":1,"alexsmobs:cockroach":1,"minecraft:zombie":1},"minecraft:custom":{"minecraft:interact_with_furnace":31,"minecraft:mob_kills":5,"minecraft:traded_with_villager":1,"minecraft:interact_with_crafting_table":13,"minecraft:open_barrel":7,"minecraft:interact_with_cartography_table":1,"minecraft:leave_game":1,"minecraft:time_since_death":9358,"minecraft:sleep_in_bed":2,"minecraft:time_since_rest":9403,"minecraft:sprint_one_cm":111774,"minecraft:damage_taken":2147,"minecraft:walk_one_cm":272307,"minecraft:drop":4,"minecraft:damage_dealt":1549,"minecraft:swim_one_cm":1119,"minecraft:fly_one_cm":163357,"minecraft:open_chest":28,"minecraft:play_time":86480,"minecraft:crouch_one_cm":901,"minecraft:deaths":2,"minecraft:sneak_time":338,"minecraft:walk_under_water_one_cm":7638,"minecraft:jump":1343,"minecraft:walk_on_water_one_cm":21674,"minecraft:total_world_time":86480,"minecraft:interact_with_smoker":36,"minecraft:fall_one_cm":34756},"minecraft:killed_by":{"minecraft:player":1,"minecraft:skeleton":1},"minecraft:mined":{"iceandfire:silver_ore":6,"minecraft:smoker":2,"minecraft:crafting_table":1,"minecraft:torch":9,"minecraft:glow_lichen":2,"minecraft:granite":1,"biomesoplenty:bush":8,"iceandfire:deepslate_silver_ore":3,"minecraft:copper_ore":1,"minecraft:wall_torch":2,"minecraft:spawner":1,"minecraft:furnace":3,"minecraft:iron_ore":25,"minecraft:ice":32,"minecraft:spruce_log":3,"minecraft:andesite":1,"minecraft:peony":1,"minecraft:grass":9,"minecraft:coal_ore":16,"minecraft:deepslate_iron_ore":9,"minecraft:lantern":2,"minecraft:dirt":1,"minecraft:stone":45,"minecraft:gold_ore":7,"minecraft:deepslate":22,"minecraft:fern":8},"minecraft:used":{"farmersdelight:iron_knife":7,"minecraft:water_bucket":18,"minecraft:writable_book":2,"minecraft:stone_pickaxe":104,"minecraft:baked_potato":9,"minecraft:wooden_pickaxe":5,"minecraft:torch":13,"minecraft:dirt":1,"minecraft:crafting_table":2,"iceandfire:silver_axe":13,"minecraft:smoker":1,"iceandfire:silver_pickaxe":69,"minecraft:apple":3,"minecraft:lantern":1,"minecraft:bread":17,"minecraft:iron_pickaxe":1,"minecraft:cobblestone":7,"minecraft:written_book":1,"minecraft:furnace":3,"minecraft:bucket":18,"minecraft:andesite":1,"minecraft:egg":4,"minecraft:cooked_beef":2,"minecraft:cobbled_deepslate":5},"minecraft:dropped":{"minecraft:feather":1,"farmersdelight:flint_knife":1,"minecraft:stone_pickaxe":1,"minecraft:written_book":1},"minecraft:crafted":{"iceandfire:silver_axe":1,"minecraft:cooked_beef":4,"farmersdelight:cooked_mutton_chops":8,"minecraft:cooked_porkchop":6,"iceandfire:silver_ingot":11,"minecraft:crafting_table":1,"minecraft:spruce_planks":12,"minecraft:baked_potato":22,"minecraft:wooden_pickaxe":1,"minecraft:furnace":1,"minecraft:enchanted_book":1,"farmersdelight:beef_patty":4,"minecraft:cooked_mutton":5,"minecraft:air":0,"minecraft:stick":8,"minecraft:stone_pickaxe":1,"farmersdelight:cooked_bacon":4,"iceandfire:silver_pickaxe":2},"minecraft:picked_up":{"iceandfire:silver_axe":1,"minecraft:crafting_table":2,"alexsmobs:maraca":1,"minecraft:cooked_beef":4,"minecraft:andesite":1,"minecraft:salmon":2,"minecraft:smoker":3,"minecraft:enchanted_book":4,"farmersdelight:cooked_bacon":14,"mca:book_romance":1,"minecraft:lapis_lazuli":56,"minecraft:dirt":1,"minecraft:lantern":2,"minecraft:raw_copper":8,"minecraft:cooked_mutton":5,"minecraft:compass":1,"minecraft:bone":2,"minecraft:apple":54,"minecraft:cobbled_deepslate":27,"farmersdelight:beef_patty":4,"usefulbackpacks:backpack_small":2,"minecraft:raw_gold":14,"minecraft:bucket":1,"minecraft:beef":2,"minecraft:egg":4,"minecraft:furnace":4,"minecraft:book":3,"minecraft:stick":2,"minecraft:raw_iron":75,"minecraft:cooked_porkchop":6,"minecraft:torch":15,"minecraft:spruce_log":3,"farmersdelight:cooked_mutton_chops":8,"alexsmobs:animal_dictionary":1,"iceandfire:silver_pickaxe":1,"iceandfire:silver_ingot":2,"minecraft:pumpkin_seeds":27,"minecraft:arrow":3,"minecraft:writable_book":1,"minecraft:hay_block":1,"minecraft:granite":2,"minecraft:emerald":7,"minecraft:bread":67,"minecraft:baked_potato":13,"minecraft:coal":32,"iceandfire:raw_silver":19,"minecraft:cobblestone":46}},"DataVersion":3465}