{"stats":{"minecraft:killed":{"minecraft:salmon":1,"alexsmobs:cockroach":1,"minecraft:zombie":1},"minecraft:custom":{"minecraft:interact_with_furnace":31,"minecraft:mob_kills":6,"minecraft:play_record":15,"minecraft:traded_with_villager":1,"minecraft:interact_with_crafting_table":13,"minecraft:open_barrel":7,"minecraft:interact_with_cartography_table":1,"minecraft:leave_game":1,"minecraft:time_since_death":8326,"minecraft:sleep_in_bed":2,"minecraft:time_since_rest":8397,"minecraft:sprint_one_cm":128138,"minecraft:damage_taken":2280,"minecraft:walk_one_cm":339660,"minecraft:drop":15,"minecraft:damage_dealt":1787,"minecraft:swim_one_cm":1119,"minecraft:fly_one_cm":183185,"minecraft:open_chest":36,"minecraft:play_time":116480,"minecraft:crouch_one_cm":1583,"minecraft:deaths":3,"minecraft:sneak_time":2127,"minecraft:walk_under_water_one_cm":12244,"minecraft:jump":1653,"minecraft:walk_on_water_one_cm":28326,"minecraft:total_world_time":116480,"minecraft:interact_with_smoker":36,"minecraft:fall_one_cm":40781},"minecraft:killed_by":{"minecraft:player":1,"minecraft:skeleton":1},"minecraft:mined":{"iceandfire:silver_ore":6,"minecraft:smoker":2,"minecraft:crafting_table":1,"minecraft:torch":9,"minecraft:glow_lichen":2,"minecraft:granite":1,"biomesoplenty:bush":8,"minecraft:grass_block":2,"iceandfire:deepslate_silver_ore":3,"minecraft:copper_ore":1,"minecraft:wall_torch":2,"minecraft:spawner":1,"minecraft:furnace":3,"minecraft:iron_ore":25,"minecraft:cobbled_deepslate":2,"minecraft:ice":32,"minecraft:spruce_log":3,"minecraft:andesite":7,"minecraft:peony":1,"minecraft:grass":9,"minecraft:coal_ore":16,"minecraft:deepslate_iron_ore":9,"minecraft:lantern":3,"minecraft:gravel":3,"minecraft:dirt":1,"minecraft:stonecutter":1,"minecraft:stone":80,"minecraft:gold_ore":7,"minecraft:deepslate":22,"minecraft:fern":8},"minecraft:used":{"farmersdelight:iron_knife":7,"minecraft:water_bucket":19,"minecraft:writable_book":2,"minecraft:music_disc_otherside":1,"alexsmobs:music_disc_daze":1,"minecraft:stone_pickaxe":104,"minecraft:baked_potato":9,"minecraft:chest":1,"minecraft:wooden_pickaxe":5,"minecraft:music_disc_5":1,"minecraft:torch":13,"minecraft:dirt":1,"minecraft:music_disc_cat":4,"minecraft:crafting_table":2,"iceandfire:silver_axe":16,"minecraft:music_disc_13":2,"minecraft:smoker":1,"iceandfire:silver_pickaxe":121,"minecraft:apple":3,"minecraft:lantern":2,"minecraft:bread":17,"minecraft:iron_pickaxe":1,"minecraft:music_disc_wait":3,"minecraft:music_disc_blocks":1,"biomesoplenty:music_disc_wanderer":2,"minecraft:cobblestone":43,"minecraft:written_book":1,"minecraft:furnace":3,"minecraft:bucket":19,"minecraft:andesite":1,"minecraft:egg":4,"minecraft:cooked_beef":4,"minecraft:cobbled_deepslate":20},"minecraft:dropped":{"minecraft:music_disc_otherside":2,"minecraft:music_disc_5":2,"minecraft:feather":1,"biomesoplenty:music_disc_wanderer":1,"farmersdelight:flint_knife":1,"minecraft:music_disc_wait":2,"minecraft:stone_pickaxe":1,"minecraft:music_disc_cat":2,"minecraft:written_book":1,"minecraft:music_disc_blocks":2},"minecraft:crafted":{"iceandfire:silver_axe":1,"minecraft:cooked_beef":4,"farmersdelight:cooked_mutton_chops":8,"minecraft:cooked_porkchop":6,"iceandfire:silver_ingot":11,"minecraft:crafting_table":1,"minecraft:spruce_planks":12,"minecraft:baked_potato":22,"minecraft:wooden_pickaxe":1,"minecraft:furnace":1,"minecraft:enchanted_book":1,"farmersdelight:beef_patty":4,"minecraft:cooked_mutton":5,"minecraft:air":0,"minecraft:stick":8,"minecraft:stone_pickaxe":1,"farmersdelight:cooked_bacon":4,"iceandfire:silver_pickaxe":2},"minecraft:picked_up":{"iceandfire:silver_axe":1,"minecraft:crafting_table":2,"alexsmobs:maraca":1,"minecraft:cooked_beef":4,"minecraft:glow_ink_sac":6,"minecraft:andesite":7,"minecraft:salmon":3,"minecraft:smoker":4,"minecraft:enchanted_book":6,"farmersdelight:cooked_bacon":14,"minecraft:music_disc_cat":4,"mca:book_romance":1,"minecraft:lapis_lazuli":56,"minecraft:dirt":1,"minecraft:lantern":2,"minecraft:raw_copper":12,"minecraft:cooked_mutton":10,"minecraft:compass":1,"minecraft:bone":2,"minecraft:apple":54,"minecraft:stonecutter":2,"minecraft:cobbled_deepslate":29,"farmersdelight:beef_patty":4,"usefulbackpacks:backpack_small":3,"minecraft:raw_gold":14,"minecraft:bucket":1,"minecraft:music_disc_otherside":1,"minecraft:beef":2,"alexsmobs:music_disc_daze":1,"minecraft:egg":4,"minecraft:furnace":4,"minecraft:book":3,"minecraft:stick":2,"minecraft:raw_iron":113,"minecraft:music_disc_blocks":2,"minecraft:cooked_porkchop":6,"minecraft:music_disc_13":2,"minecraft:torch":15,"minecraft:gravel":6,"minecraft:music_disc_pigstep":1,"minecraft:spruce_log":3,"biomesoplenty:music_disc_wanderer":3,"farmersdelight:cooked_mutton_chops":8,"alexsmobs:animal_dictionary":1,"iceandfire:silver_pickaxe":1,"iceandfire:silver_ingot":2,"minecraft:pumpkin_seeds":27,"minecraft:arrow":6,"farmersdelight:onion":8,"minecraft:writable_book":1,"minecraft:hay_block":1,"minecraft:oak_sapling":7,"minecraft:granite":2,"minecraft:emerald":7,"minecraft:bread":115,"minecraft:baked_potato":26,"minecraft:music_disc_wait":1,"minecraft:music_disc_5":1,"minecraft:coal":39,"iceandfire:raw_silver":19,"minecraft:cobblestone":238}},"DataVersion":3465}