{"stats":{"minecraft:killed":{"minecraft:salmon":1},"minecraft:custom":{"minecraft:interact_with_furnace":22,"minecraft:mob_kills":2,"minecraft:traded_with_villager":1,"minecraft:interact_with_cartography_table":1,"minecraft:interact_with_crafting_table":12,"minecraft:open_barrel":7,"minecraft:time_since_death":45564,"minecraft:sleep_in_bed":2,"minecraft:time_since_rest":24925,"minecraft:sprint_one_cm":82223,"minecraft:damage_taken":1403,"minecraft:walk_one_cm":198857,"minecraft:drop":4,"minecraft:damage_dealt":660,"minecraft:swim_one_cm":1119,"minecraft:fly_one_cm":128758,"minecraft:open_chest":28,"minecraft:crouch_one_cm":862,"minecraft:play_time":64072,"minecraft:deaths":1,"minecraft:sneak_time":318,"minecraft:walk_under_water_one_cm":4963,"minecraft:jump":907,"minecraft:walk_on_water_one_cm":6319,"minecraft:interact_with_smoker":36,"minecraft:total_world_time":64072,"minecraft:fall_one_cm":21997},"minecraft:killed_by":{"minecraft:player":1},"minecraft:mined":{"iceandfire:silver_ore":5,"minecraft:smoker":2,"minecraft:glow_lichen":2,"minecraft:torch":7,"biomesoplenty:bush":8,"minecraft:wall_torch":1,"minecraft:spawner":1,"minecraft:furnace":1,"minecraft:iron_ore":14,"minecraft:ice":32,"minecraft:spruce_log":3,"minecraft:andesite":1,"minecraft:peony":1,"minecraft:grass":9,"minecraft:coal_ore":13,"minecraft:deepslate_iron_ore":4,"minecraft:lantern":2,"minecraft:dirt":1,"minecraft:stone":40,"minecraft:deepslate":3,"minecraft:fern":8},"minecraft:used":{"farmersdelight:iron_knife":7,"minecraft:water_bucket":2,"minecraft:writable_book":2,"minecraft:baked_potato":3,"minecraft:stone_pickaxe":104,"minecraft:wooden_pickaxe":5,"minecraft:torch":7,"minecraft:dirt":1,"minecraft:crafting_table":1,"minecraft:smoker":1,"iceandfire:silver_pickaxe":5,"minecraft:apple":3,"minecraft:lantern":1,"minecraft:bread":17,"minecraft:iron_pickaxe":1,"minecraft:cobblestone":7,"minecraft:written_book":1,"minecraft:furnace":2,"minecraft:andesite":1,"minecraft:bucket":2,"minecraft:egg":4},"minecraft:dropped":{"minecraft:feather":1,"farmersdelight:flint_knife":1,"minecraft:stone_pickaxe":1,"minecraft:written_book":1},"minecraft:crafted":{"minecraft:cooked_beef":4,"farmersdelight:cooked_mutton_chops":8,"minecraft:cooked_porkchop":6,"iceandfire:silver_ingot":8,"minecraft:crafting_table":1,"minecraft:spruce_planks":12,"minecraft:baked_potato":22,"minecraft:wooden_pickaxe":1,"minecraft:furnace":1,"minecraft:enchanted_book":1,"farmersdelight:beef_patty":4,"minecraft:cooked_mutton":5,"minecraft:air":0,"minecraft:stick":8,"minecraft:stone_pickaxe":1,"farmersdelight:cooked_bacon":4,"iceandfire:silver_pickaxe":2},"minecraft:picked_up":{"minecraft:salmon":1,"minecraft:andesite":1,"minecraft:smoker":2,"minecraft:enchanted_book":2,"farmersdelight:cooked_bacon":5,"mca:book_romance":1,"minecraft:dirt":1,"minecraft:lantern":2,"minecraft:apple":21,"usefulbackpacks:backpack_small":1,"minecraft:cobbled_deepslate":3,"minecraft:beef":2,"minecraft:furnace":1,"minecraft:egg":4,"minecraft:book":3,"minecraft:stick":2,"minecraft:raw_iron":21,"minecraft:torch":8,"minecraft:spruce_log":3,"alexsmobs:animal_dictionary":1,"minecraft:pumpkin_seeds":18,"minecraft:writable_book":1,"minecraft:hay_block":1,"minecraft:emerald":7,"minecraft:bread":28,"minecraft:coal":15,"iceandfire:raw_silver":8,"minecraft:cobblestone":42}},"DataVersion":3465}