{"stats":{"minecraft:custom":{"minecraft:time_since_rest":16072,"minecraft:open_chest":4,"minecraft:play_time":16072,"minecraft:sprint_one_cm":11656,"minecraft:walk_one_cm":44613,"minecraft:damage_taken":175,"minecraft:sneak_time":21,"minecraft:walk_under_water_one_cm":2894,"minecraft:drop":1,"minecraft:jump":108,"minecraft:damage_dealt":106,"minecraft:time_since_death":16072,"minecraft:walk_on_water_one_cm":949,"minecraft:total_world_time":16072,"minecraft:swim_one_cm":1119,"minecraft:fly_one_cm":11767,"minecraft:fall_one_cm":2799},"minecraft:mined":{"minecraft:grass":8,"minecraft:ice":32,"minecraft:fern":8},"minecraft:used":{"minecraft:writable_book":1,"minecraft:bread":2,"minecraft:iron_pickaxe":1},"minecraft:dropped":{"minecraft:feather":1},"minecraft:picked_up":{"minecraft:pumpkin_seeds":9,"minecraft:writable_book":1}},"DataVersion":3465}