{"stats":{"minecraft:killed":{"minecraft:salmon":1},"minecraft:custom":{"minecraft:time_since_rest":12925,"minecraft:sprint_one_cm":70617,"minecraft:damage_taken":959,"minecraft:walk_one_cm":158883,"minecraft:mob_kills":2,"minecraft:drop":3,"minecraft:damage_dealt":523,"minecraft:traded_with_villager":1,"minecraft:interact_with_crafting_table":2,"minecraft:swim_one_cm":1119,"minecraft:interact_with_cartography_table":1,"minecraft:fly_one_cm":118590,"minecraft:open_barrel":7,"minecraft:open_chest":20,"minecraft:crouch_one_cm":734,"minecraft:play_time":52072,"minecraft:deaths":1,"minecraft:sneak_time":276,"minecraft:walk_under_water_one_cm":4756,"minecraft:jump":713,"minecraft:walk_on_water_one_cm":5270,"minecraft:time_since_death":33564,"minecraft:sleep_in_bed":2,"minecraft:total_world_time":52072,"minecraft:fall_one_cm":17682},"minecraft:killed_by":{"minecraft:player":1},"minecraft:mined":{"iceandfire:silver_ore":5,"minecraft:iron_ore":10,"minecraft:smoker":1,"minecraft:ice":32,"minecraft:andesite":1,"minecraft:spruce_log":3,"minecraft:peony":1,"minecraft:torch":4,"minecraft:glow_lichen":2,"minecraft:grass":9,"biomesoplenty:bush":8,"minecraft:coal_ore":13,"minecraft:lantern":2,"minecraft:dirt":1,"minecraft:stone":40,"minecraft:fern":8},"minecraft:used":{"farmersdelight:iron_knife":7,"minecraft:water_bucket":2,"minecraft:writable_book":2,"minecraft:apple":3,"minecraft:lantern":1,"minecraft:bread":12,"minecraft:stone_pickaxe":84,"minecraft:iron_pickaxe":1,"minecraft:wooden_pickaxe":5,"minecraft:torch":4,"minecraft:dirt":1,"minecraft:cobblestone":7,"minecraft:written_book":1,"minecraft:crafting_table":1,"minecraft:bucket":2,"minecraft:andesite":1},"minecraft:crafted":{"minecraft:crafting_table":1,"minecraft:spruce_planks":12,"minecraft:stick":4,"minecraft:wooden_pickaxe":1,"minecraft:stone_pickaxe":1,"minecraft:enchanted_book":1},"minecraft:dropped":{"farmersdelight:flint_knife":1,"minecraft:feather":1,"minecraft:written_book":1},"minecraft:picked_up":{"minecraft:book":3,"minecraft:stick":2,"minecraft:raw_iron":13,"minecraft:andesite":1,"minecraft:salmon":1,"minecraft:torch":5,"minecraft:smoker":1,"minecraft:enchanted_book":2,"minecraft:lantern":2,"minecraft:spruce_log":3,"minecraft:dirt":1,"mca:book_romance":1,"alexsmobs:animal_dictionary":1,"minecraft:pumpkin_seeds":18,"minecraft:apple":21,"usefulbackpacks:backpack_small":1,"minecraft:writable_book":1,"minecraft:hay_block":1,"minecraft:beef":2,"minecraft:bread":28,"minecraft:emerald":7,"minecraft:coal":15,"iceandfire:raw_silver":6,"minecraft:cobblestone":42,"minecraft:egg":4}},"DataVersion":3465}