{"stats":{"minecraft:killed":{"minecraft:salmon":1},"minecraft:custom":{"minecraft:time_since_rest":925,"minecraft:sprint_one_cm":60392,"minecraft:damage_taken":769,"minecraft:walk_one_cm":129789,"minecraft:mob_kills":1,"minecraft:drop":3,"minecraft:damage_dealt":421,"minecraft:traded_with_villager":1,"minecraft:interact_with_crafting_table":2,"minecraft:swim_one_cm":1119,"minecraft:interact_with_cartography_table":1,"minecraft:fly_one_cm":94621,"minecraft:open_barrel":7,"minecraft:open_chest":20,"minecraft:crouch_one_cm":107,"minecraft:play_time":40072,"minecraft:deaths":1,"minecraft:sneak_time":98,"minecraft:walk_under_water_one_cm":4593,"minecraft:jump":527,"minecraft:walk_on_water_one_cm":2480,"minecraft:time_since_death":21564,"minecraft:sleep_in_bed":2,"minecraft:total_world_time":40072,"minecraft:fall_one_cm":12081},"minecraft:killed_by":{"minecraft:player":1},"minecraft:mined":{"minecraft:smoker":1,"minecraft:ice":32,"minecraft:spruce_log":3,"minecraft:torch":2,"minecraft:glow_lichen":2,"minecraft:grass":8,"biomesoplenty:bush":1,"minecraft:coal_ore":13,"minecraft:lantern":1,"minecraft:dirt":1,"minecraft:stone":20,"minecraft:fern":8},"minecraft:used":{"farmersdelight:iron_knife":7,"minecraft:writable_book":2,"minecraft:apple":3,"minecraft:bread":7,"minecraft:stone_pickaxe":33,"minecraft:iron_pickaxe":1,"minecraft:wooden_pickaxe":5,"minecraft:torch":2,"minecraft:written_book":1,"minecraft:crafting_table":1},"minecraft:crafted":{"minecraft:crafting_table":1,"minecraft:spruce_planks":12,"minecraft:stick":4,"minecraft:wooden_pickaxe":1,"minecraft:stone_pickaxe":1,"minecraft:enchanted_book":1},"minecraft:dropped":{"farmersdelight:flint_knife":1,"minecraft:feather":1,"minecraft:written_book":1},"minecraft:picked_up":{"minecraft:book":3,"minecraft:salmon":1,"minecraft:torch":3,"minecraft:smoker":1,"minecraft:enchanted_book":2,"minecraft:lantern":1,"minecraft:spruce_log":3,"minecraft:dirt":1,"mca:book_romance":1,"alexsmobs:animal_dictionary":1,"minecraft:pumpkin_seeds":18,"minecraft:apple":21,"minecraft:writable_book":1,"minecraft:hay_block":1,"minecraft:beef":2,"minecraft:bread":28,"minecraft:emerald":7,"minecraft:coal":15,"minecraft:cobblestone":20,"minecraft:egg":4}},"DataVersion":3465}