{"stats":{"minecraft:killed":{"minecraft:salmon":1},"minecraft:custom":{"minecraft:time_since_rest":9615,"minecraft:sprint_one_cm":44126,"minecraft:damage_taken":452,"minecraft:walk_one_cm":94795,"minecraft:mob_kills":1,"minecraft:drop":3,"minecraft:damage_dealt":338,"minecraft:interact_with_crafting_table":2,"minecraft:swim_one_cm":1119,"minecraft:interact_with_cartography_table":1,"minecraft:fly_one_cm":54495,"minecraft:open_barrel":7,"minecraft:open_chest":20,"minecraft:play_time":28072,"minecraft:deaths":1,"minecraft:sneak_time":70,"minecraft:walk_under_water_one_cm":4593,"minecraft:jump":312,"minecraft:walk_on_water_one_cm":2001,"minecraft:time_since_death":9564,"minecraft:total_world_time":28072,"minecraft:fall_one_cm":7679},"minecraft:killed_by":{"minecraft:player":1},"minecraft:mined":{"minecraft:ice":32,"minecraft:spruce_log":3,"minecraft:grass":8,"biomesoplenty:bush":1,"minecraft:coal_ore":1,"minecraft:stone":4,"minecraft:fern":8},"minecraft:used":{"farmersdelight:iron_knife":7,"minecraft:writable_book":2,"minecraft:bread":4,"minecraft:iron_pickaxe":1,"minecraft:wooden_pickaxe":5,"minecraft:written_book":1,"minecraft:crafting_table":1},"minecraft:crafted":{"minecraft:crafting_table":1,"minecraft:spruce_planks":12,"minecraft:stick":4,"minecraft:wooden_pickaxe":1},"minecraft:dropped":{"farmersdelight:flint_knife":1,"minecraft:feather":1,"minecraft:written_book":1},"minecraft:picked_up":{"minecraft:book":3,"minecraft:enchanted_book":2,"minecraft:spruce_log":3,"mca:book_romance":1,"alexsmobs:animal_dictionary":1,"minecraft:pumpkin_seeds":18,"minecraft:apple":21,"minecraft:writable_book":1,"minecraft:hay_block":1,"minecraft:beef":2,"minecraft:bread":28,"minecraft:emerald":7,"minecraft:coal":1,"minecraft:cobblestone":4,"minecraft:egg":2}},"DataVersion":3465}